City,Exp_Type_highest,Exp_Type_lowest
"Achalpur, India",Grocery,Entertainment
"Adilabad, India",Bills,Food
"Adityapur, India",Food,Grocery
"Adoni, India",Bills,Entertainment
"Adoor, India",Fuel,Bills
"Afzalpur, India",Fuel,Food
"Agartala, India",Grocery,Food
"Agra, India",Bills,Grocery
"Ahmedabad, India",Bills,Grocery
"Ahmednagar, India",Fuel,Grocery
"Aizawl, India",Food,Grocery
"Ajmer, India",Entertainment,Fuel
"Akola, India",Bills,Fuel
"Akot, India",Fuel,Entertainment
"Alappuzha, India",Food,Entertainment
"Aligarh, India",Bills,Entertainment
"Alipurduar, India",Food,Entertainment
"Alirajpur, India",Entertainment,Entertainment
"Allahabad, India",Grocery,Bills
"Alwar, India",Food,Entertainment
"Amalapuram, India",Grocery,Fuel
"Amalner, India",Entertainment,Food
"Ambejogai, India",Food,Grocery
"Ambikapur, India",Bills,Food
"Amravati, India",Bills,Food
"Amreli, India",Food,Grocery
"Amritsar, India",Fuel,Bills
"Amroha, India",Fuel,Food
"Anakapalle, India",Fuel,Bills
"Anand, India",Fuel,Bills
"Anantapur, India",Food,Grocery
"Anantnag, India",Grocery,Entertainment
"Anjangaon, India",Food,Bills
"Anjar, India",Food,Grocery
"Ankleshwar, India",Grocery,Bills
"Arakkonam, India",Grocery,Food
"Arambagh, India",Food,Entertainment
"Araria, India",Entertainment,Fuel
"Arrah, India",Food,Entertainment
"Arsikere, India",Food,Entertainment
"Aruppukkottai, India",Entertainment,Fuel
"Arvi, India",Entertainment,Food
"Arwal, India",Grocery,Bills
"Asansol, India",Fuel,Entertainment
"Ashok Nagar, India",Grocery,Food
"Athni, India",Entertainment,Fuel
"Attingal, India",Fuel,Food
"Aurangabad, India",Entertainment,Fuel
"Azamgarh, India",Entertainment,Fuel
"Bagaha, India",Entertainment,Entertainment
"Bahadurgarh, India",Food,Bills
"Baharampur, India",Food,Bills
"Bahraich, India",Fuel,Food
"Balaghat, India",Fuel,Grocery
"Balangir, India",Food,Entertainment
"Baleshwar Town, India",Bills,Fuel
"Ballari, India",Fuel,Grocery
"Balurghat, India",Food,Bills
"Bankura, India",Bills,Entertainment
"Bapatla, India",Food,Grocery
"Baramula, India",Grocery,Bills
"Barbil, India",Grocery,Food
"Bargarh, India",Entertainment,Bills
"Baripada Town, India",Food,Entertainment
"Barnala, India",Entertainment,Food
"Barpeta, India",Bills,Entertainment
"Batala, India",Bills,Fuel
"Bathinda, India",Bills,Entertainment
"Begusarai, India",Entertainment,Grocery
"Belagavi, India",Food,Entertainment
"Bellampalle, India",Fuel,Grocery
"Bengaluru, India",Bills,Grocery
"Bettiah, India",Fuel,Grocery
"Bhabua, India",Fuel,Grocery
"Bhadrachalam, India",Grocery,Bills
"Bhadrak, India",Bills,Fuel
"Bhagalpur, India",Fuel,Entertainment
"Bhainsa, India",Food,Bills
"Bharatpur, India",Food,Entertainment
"Bharuch, India",Bills,Food
"Bhatapara, India",Food,Bills
"Bhavnagar, India",Entertainment,Food
"Bhawanipatna, India",Bills,Fuel
"Bheemunipatnam, India",Bills,Entertainment
"Bhilai Nagar, India",Fuel,Food
"Bhilwara, India",Fuel,Grocery
"Bhimavaram, India",Bills,Grocery
"Bhiwandi, India",Grocery,Bills
"Bhiwani, India",Fuel,Grocery
"Bhongir, India",Food,Entertainment
"Bhopal, India",Food,Entertainment
"Bhubaneswar, India",Fuel,Bills
"Bhuj, India",Food,Entertainment
"Bikaner, India",Entertainment,Food
"Bilaspur, India",Fuel,Grocery
"Bobbili, India",Food,Grocery
"Bodhan, India",Food,Bills
"Bokaro Steel City, India",Grocery,Bills
"Bongaigaon City, India",Food,Entertainment
"Brahmapur, India",Grocery,Food
"Buxar, India",Fuel,Grocery
"Byasanagar, India",Food,Grocery
"Chaibasa, India",Bills,Food
"Chalakudy, India",Entertainment,Entertainment
"Chandausi, India",Food,Entertainment
"Chandigarh, India",Food,Food
"Changanassery, India",Bills,Bills
"Charkhi Dadri, India",Grocery,Entertainment
"Chatra, India",Grocery,Food
"Chennai, India",Grocery,Fuel
"Cherthala, India",Fuel,Food
"Chikkamagaluru, India",Entertainment,Bills
"Chilakaluripet, India",Bills,Entertainment
"Chirala, India",Grocery,Entertainment
"Chirkunda, India",Grocery,Fuel
"Chirmiri, India",Food,Entertainment
"Chittoor, India",Bills,Food
"Chittur-Thathamangalam, India",Grocery,Entertainment
"Cuttack, India",Entertainment,Bills
"Dalli-Rajhara, India",Grocery,Fuel
"Darbhanga, India",Grocery,Entertainment
"Darjiling, India",Entertainment,Food
"Davanagere, India",Bills,Grocery
"Deesa, India",Fuel,Grocery
"Dehradun, India",Grocery,Food
"Dehri-on-Sone, India",Entertainment,Grocery
"Delhi, India",Bills,Entertainment
"Deoghar, India",Grocery,Bills
"Dhamtari, India",Food,Grocery
"Dhanbad, India",Grocery,Bills
"Dharmanagar, India",Entertainment,Grocery
"Dharmavaram, India",Fuel,Grocery
"Dhenkanal, India",Grocery,Bills
"Dhoraji, India",Food,Fuel
"Dhubri, India",Entertainment,Fuel
"Dhule, India",Food,Fuel
"Dhuri, India",Bills,Entertainment
"Dibrugarh, India",Bills,Food
"Dimapur, India",Bills,Grocery
"Diphu, India",Bills,Fuel
"Dumka, India",Bills,Fuel
"Dumraon, India",Entertainment,Grocery
"Durg, India",Grocery,Food
"Eluru, India",Bills,Grocery
"English Bazar, India",Entertainment,Grocery
"Erode, India",Food,Bills
"Etawah, India",Food,Fuel
"Faridabad, India",Bills,Grocery
"Faridkot, India",Entertainment,Fuel
"Farooqnagar, India",Entertainment,Food
"Fatehabad, India",Entertainment,Grocery
"Fatehpur Sikri, India",Grocery,Food
"Fazilka, India",Food,Food
"Firozabad, India",Grocery,Grocery
"Firozpur Cantt., India",Food,Entertainment
"Firozpur, India",Grocery,Entertainment
"Forbesganj, India",Food,Bills
"Gadwal, India",Bills,Entertainment
"Gangarampur, India",Bills,Entertainment
"Ganjbasoda, India",Grocery,Entertainment
"Gaya, India",Bills,Food
"Giridih, India",Bills,Grocery
"Goalpara, India",Fuel,Bills
"Gobichettipalayam, India",Bills,Food
"Gobindgarh, India",Fuel,Bills
"Godhra, India",Food,Food
"Gohana, India",Food,Grocery
"Gokak, India",Food,Bills
"Gooty, India",Entertainment,Food
"Gopalganj, India",Bills,Food
"Greater Mumbai, India",Bills,Entertainment
"Gudivada, India",Fuel,Grocery
"Gudur, India",Entertainment,Food
"Gumia, India",Food,Grocery
"Guntakal, India",Food,Fuel
"Guntur, India",Grocery,Entertainment
"Gurdaspur, India",Bills,Food
"Gurgaon, India",Fuel,Bills
"Guwahati, India",Entertainment,Fuel
"Gwalior, India",Bills,Entertainment
"Habra, India",Food,Entertainment
"Hajipur, India",Entertainment,Bills
"Haldwani-cum-Kathgodam, India",Grocery,Fuel
"Hansi, India",Food,Fuel
"Hapur, India",Food,Grocery
"Hardoi , India",Grocery,Entertainment
"Hardwar, India",Fuel,Bills
"Hazaribag, India",Bills,Entertainment
"Hindupur, India",Entertainment,Food
"Hisar, India",Bills,Food
"Hoshiarpur, India",Bills,Fuel
"Hubli-Dharwad, India",Entertainment,Fuel
"Hugli-Chinsurah, India",Food,Food
"Hyderabad, India",Grocery,Travel
"Ichalkaranji, India",Fuel,Entertainment
"Imphal, India",Entertainment,Food
"Indore, India",Grocery,Entertainment
"Itarsi, India",Bills,Fuel
"Jabalpur, India",Entertainment,Bills
"Jagdalpur, India",Grocery,Fuel
"Jaggaiahpet, India",Entertainment,Grocery
"Jagraon, India",Entertainment,Fuel
"Jagtial, India",Fuel,Entertainment
"Jaipur, India",Entertainment,Travel
"Jalandhar Cantt., India",Fuel,Grocery
"Jalandhar, India",Grocery,Bills
"Jalpaiguri, India",Fuel,Food
"Jamalpur, India",Bills,Food
"Jammalamadugu, India",Grocery,Food
"Jammu, India",Food,Bills
"Jamnagar, India",Bills,Food
"Jamshedpur, India",Food,Entertainment
"Jamui, India",Food,Entertainment
"Jangaon, India",Food,Fuel
"Jatani, India",Fuel,Grocery
"Jehanabad, India",Grocery,Bills
"Jhansi, India",Fuel,Grocery
"Jhargram, India",Bills,Grocery
"Jharsuguda, India",Fuel,Entertainment
"Jhumri Tilaiya, India",Bills,Fuel
"Jind, India",Food,Fuel
"Jodhpur, India",Food,Fuel
"Jorhat, India",Entertainment,Fuel
"Kadapa, India",Entertainment,Fuel
"Kadi, India",Food,Entertainment
"Kadiri, India",Fuel,Grocery
"Kagaznagar, India",Fuel,Grocery
"Kaithal, India",Entertainment,Bills
"Kakinada, India",Entertainment,Bills
"Kalimpong, India",Bills,Fuel
"Kalpi, India",Fuel,Grocery
"Kalyan-Dombivali, India",Food,Grocery
"Kamareddy, India",Grocery,Entertainment
"Kancheepuram, India",Grocery,Bills
"Kandukur, India",Fuel,Grocery
"Kanhangad, India",Food,Fuel
"Kannur, India",Grocery,Food
"Kanpur, India",Food,Travel
"Kapadvanj, India",Fuel,Entertainment
"Kapurthala, India",Food,Grocery
"Karaikal, India",Food,Bills
"Karimganj, India",Fuel,Entertainment
"Karimnagar, India",Food,Fuel
"Karjat, India",Entertainment,Fuel
"Karnal, India",Food,Grocery
"Karur, India",Bills,Food
"Karwar, India",Food,Fuel
"Kasaragod, India",Food,Bills
"Kashipur, India",Entertainment,Bills
"Kathua, India",Entertainment,Bills
"Katihar, India",Entertainment,Bills
"Kavali, India",Entertainment,Grocery
"Kayamkulam, India",Food,Bills
"Kendrapara, India",Fuel,Food
"Kendujhar, India",Food,Entertainment
"Keshod, India",Food,Fuel
"Khair, India",Bills,Fuel
"Khambhat, India",Entertainment,Grocery
"Khammam, India",Fuel,Food
"Khanna, India",Fuel,Bills
"Kharagpur, India",Entertainment,Bills
"Kharar, India",Grocery,Entertainment
"Kishanganj, India",Entertainment,Food
"Kochi, India",Entertainment,Fuel
"Kodungallur, India",Fuel,Entertainment
"Kohima, India",Grocery,Food
"Kolar, India",Fuel,Food
"Kolkata, India",Entertainment,Travel
"Kollam, India",Entertainment,Fuel
"Koratla, India",Fuel,Bills
"Korba, India",Fuel,Bills
"Kot Kapura, India",Bills,Entertainment
"Kothagudem, India",Grocery,Bills
"Kottayam, India",Grocery,Food
"Kovvur, India",Entertainment,Food
"Koyilandy, India",Grocery,Fuel
"Kozhikode, India",Fuel,Food
"Kunnamkulam, India",Fuel,Food
"Kurnool, India",Fuel,Entertainment
"Kyathampalle, India",Food,Grocery
"Lachhmangarh, India",Grocery,Entertainment
"Ladnu, India",Grocery,Food
"Ladwa, India",Fuel,Grocery
"Lahar, India",Bills,Food
"Laharpur, India",Food,Entertainment
"Lakheri, India",Grocery,Entertainment
"Lakhimpur, India",Fuel,Entertainment
"Lakhisarai, India",Entertainment,Fuel
"Lakshmeshwar, India",Bills,Fuel
"Lal Gopalganj Nindaura, India",Bills,Bills
"Lalitpur, India",Grocery,Fuel
"Lalsot, India",Food,Fuel
"Lanka, India",Bills,Food
"Lar, India",Entertainment,Fuel
"Latur, India",Entertainment,Fuel
"Limbdi, India",Bills,Grocery
"Lingsugur, India",Entertainment,Food
"Lonavla, India",Entertainment,Bills
"Loni, India",Entertainment,Bills
"Losal, India",Food,Bills
"Lucknow, India",Grocery,Travel
"Ludhiana, India",Food,Grocery
"Lumding, India",Grocery,Fuel
"Lunawada, India",Fuel,Bills
"Lunglei, India",Entertainment,Food
"Macherla, India",Bills,Food
"Machilipatnam, India",Fuel,Food
"Madanapalle, India",Entertainment,Fuel
"Maddur, India",Entertainment,Fuel
"Madhepura, India",Grocery,Fuel
"Madhubani, India",Bills,Grocery
"Madhugiri, India",Entertainment,Grocery
"Madhupur, India",Entertainment,Fuel
"Madikeri, India",Entertainment,Bills
"Madurai, India",Entertainment,Bills
"Mahalingapura, India",Food,Grocery
"Mahasamund, India",Fuel,Grocery
"Mahbubnagar, India",Fuel,Fuel
"Mahe, India",Entertainment,Bills
"Mahemdabad, India",Fuel,Entertainment
"Mahesana, India",Bills,Grocery
"Mahidpur, India",Bills,Entertainment
"Mahnar Bazar, India",Bills,Fuel
"Mahuva, India",Bills,Fuel
"Maihar, India",Fuel,Grocery
"Mainaguri, India",Food,Fuel
"Makhdumpur, India",Bills,Grocery
"Makrana, India",Food,Bills
"Malaj Khand, India",Entertainment,Food
"Malappuram, India",Bills,Fuel
"Malavalli, India",Food,Bills
"Malegaon, India",Food,Grocery
"Malerkotla, India",Grocery,Food
"Malkapur, India",Bills,Entertainment
"Malout, India",Entertainment,Bills
"Malpura, India",Entertainment,Fuel
"Malur, India",Grocery,Entertainment
"Manavadar, India",Fuel,Grocery
"Mancherial, India",Grocery,Entertainment
"Mandamarri, India",Bills,Fuel
"Mandapeta, India",Bills,Entertainment
"Mandi Dabwali, India",Entertainment,Grocery
"Mandi, India",Food,Entertainment
"Mandideep, India",Grocery,Bills
"Mandla, India",Fuel,Bills
"Mandsaur, India",Food,Fuel
"Mandvi, India",Entertainment,Food
"Mandya, India",Grocery,Bills
"Manendragarh, India",Fuel,Entertainment
"Maner, India",Bills,Fuel
"Mangaluru, India",Grocery,Food
"Manglaur, India",Fuel,Food
"Mangrol, India",Entertainment,Fuel
"Mangrulpir, India",Grocery,Bills
"Manjlegaon, India",Grocery,Food
"Mankachar, India",Bills,Grocery
"Manmad, India",Entertainment,Food
"Mansa, India",Entertainment,Grocery
"Manuguru, India",Food,Entertainment
"Manvi, India",Bills,Grocery
"Manwath, India",Bills,Entertainment
"Mapusa, India",Food,Grocery
"Margao, India",Bills,Food
"Markapur, India",Entertainment,Bills
"Marmagao, India",Food,Grocery
"Masaurhi, India",Bills,Entertainment
"Mathura, India",Grocery,Fuel
"Mattannur, India",Grocery,Fuel
"Mavelikkara, India",Fuel,Bills
"Mavoor, India",Food,Bills
"Medak, India",Bills,Entertainment
"Medininagar (Daltonganj), India",Grocery,Entertainment
"Medinipur, India",Bills,Grocery
"Meerut, India",Entertainment,Food
"Mehkar, India",Fuel,Bills
"Memari, India",Fuel,Entertainment
"Merta City, India",Grocery,Fuel
"Mhow Cantonment, India",Bills,Fuel
"Mihijam, India",Grocery,Fuel
"Mira-Bhayandar, India",Bills,Bills
"Miryalaguda, India",Food,Fuel
"Modasa, India",Fuel,Food
"Modinagar, India",Entertainment,Food
"Moga, India",Bills,Grocery
"Mohali, India",Fuel,Bills
"Mokameh, India",Food,Grocery
"Mokokchung, India",Food,Entertainment
"Moradabad, India",Entertainment,Fuel
"Morena, India",Fuel,Food
"Morshi, India",Bills,Grocery
"Morvi, India",Bills,Entertainment
"Motihari, India",Entertainment,Bills
"Mudalagi, India",Bills,Entertainment
"Muddebihal, India",Food,Entertainment
"Mudhol, India",Entertainment,Bills
"Muktsar, India",Entertainment,Bills
"Mulbagal, India",Entertainment,Bills
"Mundi, India",Entertainment,Bills
"Mungeli, India",Food,Grocery
"Munger, India",Food,Grocery
"Murshidabad, India",Entertainment,Food
"Murtijapur, India",Grocery,Fuel
"Murwara (Katni), India",Grocery,Bills
"Musabani, India",Entertainment,Grocery
"Mussoorie, India",Grocery,Entertainment
"Muvattupuzha, India",Fuel,Bills
"Muzaffarpur, India",Grocery,Food
"Mysore, India",Grocery,Bills
"Nabadwip, India",Fuel,Food
"Nabarangapur, India",Grocery,Food
"Nabha, India",Fuel,Food
"Nadbai, India",Fuel,Entertainment
"Nadiad, India",Grocery,Entertainment
"Nagaon, India",Food,Entertainment
"Nagapattinam, India",Bills,Grocery
"Nagari, India",Food,Fuel
"Nagarkurnool, India",Grocery,Bills
"Nagaur, India",Entertainment,Food
"Nagda, India",Fuel,Food
"Nagercoil, India",Food,Entertainment
"Nagina, India",Grocery,Fuel
"Nagpur, India",Food,Entertainment
"Nahan, India",Entertainment,Bills
"Naharlagun, India",Bills,Entertainment
"Naidupet, India",Entertainment,Bills
"Naihati, India",Fuel,Bills
"Naila Janjgir, India",Entertainment,Food
"Nainital, India",Fuel,Bills
"Najibabad, India",Grocery,Fuel
"Nakodar, India",Fuel,Entertainment
"Nalbari, India",Food,Bills
"Namakkal, India",Fuel,Grocery
"Nanded-Waghala, India",Grocery,Fuel
"Nandivaram-Guduvancheri, India",Fuel,Bills
"Nandura, India",Bills,Bills
"Nandurbar, India",Food,Fuel
"Nandyal, India",Bills,Grocery
"Nangal, India",Food,Grocery
"Nanjangud, India",Food,Bills
"Nanjikottai, India",Fuel,Bills
"Nanpara, India",Grocery,Food
"Narasapuram, India",Bills,Entertainment
"Narasaraopet, India",Bills,Bills
"Narayanpet, India",Entertainment,Food
"Nargund, India",Food,Grocery
"Narkatiaganj, India",Fuel,Grocery
"Narnaul, India",Fuel,Entertainment
"Narsinghgarh, India",Fuel,Bills
"Narsipatnam, India",Entertainment,Bills
"Narwana, India",Fuel,Fuel
"Nashik, India",Food,Bills
"Nasirabad, India",Food,Fuel
"Nathdwara, India",Entertainment,Food
"Naugachhia, India",Fuel,Bills
"Naugawan Sadat, India",Fuel,Grocery
"Nautanwa, India",Food,Entertainment
"Navi Mumbai, India",Entertainment,Bills
"Navsari, India",Entertainment,Bills
"Nawabganj, India",Fuel,Entertainment
"Nawada, India",Food,Entertainment
"Nawanshahr, India",Fuel,Entertainment
"Nawapur, India",Grocery,Fuel
"Nedumangad, India",Grocery,Bills
"Neem-Ka-Thana, India",Food,Bills
"Neemuch, India",Food,Bills
"Nehtaur, India",Entertainment,Fuel
"Nelamangala, India",Fuel,Entertainment
"Nellikuppam, India",Food,Grocery
"Nellore, India",Entertainment,Food
"Nepanagar, India",Entertainment,Bills
"New Delhi, India",Bills,Fuel
"Neyveli (TS), India",Fuel,Bills
"Neyyattinkara, India",Grocery,Fuel
"Nidadavole, India",Fuel,Bills
"Nilambur, India",Food,Bills
"Nilanga, India",Food,Bills
"Nimbahera, India",Entertainment,Grocery
"Nirmal, India",Food,Bills
"Nizamabad, India",Fuel,Entertainment
"Nohar, India",Bills,Food
"Noida, India",Fuel,Food
"Nokha, India",Entertainment,Grocery
"Nongstoin, India",Entertainment,Fuel
"Noorpur, India",Grocery,Entertainment
"North Lakhimpur, India",Bills,Food
"Nowgong, India",Fuel,Grocery
"Nuzvid, India",Entertainment,Food
"Oddanchatram, India",Grocery,Bills
"Ongole, India",Fuel,Bills
"Orai, India",Grocery,Fuel
"Osmanabad, India",Bills,Grocery
"Ottappalam, India",Grocery,Food
"Ozar, India",Bills,Entertainment
"Pachora, India",Entertainment,Fuel
"Padra, India",Fuel,Entertainment
"Padrauna, India",Fuel,Bills
"Paithan, India",Bills,Food
"Pakaur, India",Fuel,Entertainment
"Palacole, India",Food,Fuel
"Palakkad, India",Grocery,Bills
"Palani, India",Fuel,Entertainment
"Palanpur, India",Food,Fuel
"Palasa Kasibugga, India",Bills,Food
"Palghar, India",Fuel,Entertainment
"Pali, India",Entertainment,Bills
"Palia Kalan, India",Fuel,Entertainment
"Palitana, India",Fuel,Entertainment
"Palladam, India",Fuel,Entertainment
"Palwal, India",Fuel,Entertainment
"Palwancha, India",Grocery,Fuel
"Panaji, India",Bills,Food
"Panchkula, India",Fuel,Food
"Pandharkaoda, India",Grocery,Fuel
"Pandharpur, India",Bills,Entertainment
"Pandhurna, India",Bills,Grocery
"Pandua, India",Entertainment,Grocery
"Panipat, India",Fuel,Food
"Panna, India",Bills,Entertainment
"Panruti, India",Fuel,Grocery
"Panvel, India",Food,Entertainment
"Pappinisseri, India",Bills,Food
"Paradip, India",Bills,Bills
"Paramakudi, India",Food,Grocery
"Paravoor, India",Fuel,Grocery
"Parbhani, India",Bills,Grocery
"Parlakhemundi, India",Grocery,Entertainment
"Parli, India",Food,Grocery
"Partur, India",Fuel,Grocery
"Parvathipuram, India",Entertainment,Grocery
"Pasan, India",Entertainment,Grocery
"Paschim Punropara, India",Entertainment,Fuel
"Patan, India",Fuel,Entertainment
"Pathanamthitta, India",Grocery,Food
"Pathankot, India",Grocery,Food
"Pathri, India",Grocery,Entertainment
"Patiala, India",Bills,Food
"Patna, India",Grocery,Fuel
"Patratu, India",Food,Fuel
"Pattamundai, India",Bills,Food
"Patti, India",Grocery,Food
"Pattukkottai, India",Grocery,Food
"Pavagada, India",Entertainment,Food
"Pedana, India",Food,Grocery
"Peddapuram, India",Grocery,Fuel
"Pehowa, India",Food,Grocery
"Pen, India",Grocery,Entertainment
"Perambalur, India",Entertainment,Bills
"Peringathur, India",Entertainment,Bills
"Perinthalmanna, India",Bills,Grocery
"Periyakulam, India",Bills,Food
"Periyasemur, India",Food,Bills
"Pernampattu, India",Entertainment,Bills
"Perumbavoor, India",Entertainment,Bills
"Petlad, India",Entertainment,Food
"Phagwara, India",Fuel,Bills
"Phalodi, India",Entertainment,Fuel
"Phaltan, India",Grocery,Fuel
"Phulabani, India",Fuel,Bills
"Phusro, India",Grocery,Bills
"Pihani, India",Grocery,Fuel
"Pilani, India",Grocery,Food
"Pilibanga, India",Fuel,Food
"Pilibhit, India",Food,Bills
"Pilkhuwa, India",Grocery,Fuel
"Pinjore, India",Fuel,Bills
"Pipar City, India",Entertainment,Fuel
"Pipariya, India",Grocery,Entertainment
"Pithampur, India",Food,Grocery
"Pithapuram, India",Entertainment,Fuel
"Pithoragarh, India",Food,Fuel
"Pollachi, India",Fuel,Grocery
"Pondicherry, India",Food,Entertainment
"Ponnani, India",Grocery,Fuel
"Ponnur, India",Entertainment,Fuel
"Porbandar, India",Fuel,Bills
"Porsa, India",Fuel,Entertainment
"Port Blair, India",Fuel,Entertainment
"Pratapgarh, India",Grocery,Entertainment
"Proddatur, India",Grocery,Entertainment
"Pudukkottai, India",Entertainment,Food
"Pulgaon, India",Grocery,Fuel
"Puliyankudi, India",Food,Bills
"Punalur, India",Entertainment,Grocery
"Punch, India",Grocery,Entertainment
"Pune, India",Food,Travel
"Punganur, India",Bills,Food
"Puranpur, India",Food,Bills
"Puri, India",Entertainment,Food
"Purna, India",Fuel,Bills
"Purnia, India",Bills,Grocery
"Purulia, India",Fuel,Grocery
"Pusad, India",Food,Bills
"Puttur, India",Fuel,Bills
"Raayachuru, India",Food,Bills
"Rabkavi Banhatti, India",Food,Fuel
"Radhanpur, India",Grocery,Fuel
"Rae Bareli, India",Entertainment,Grocery
"Raghogarh-Vijaypur, India",Bills,Fuel
"Raghunathganj, India",Grocery,Food
"Rahuri, India",Bills,Entertainment
"Raiganj, India",Food,Fuel
"Raigarh, India",Grocery,Bills
"Raipur, India",Food,Grocery
"Raisen, India",Fuel,Grocery
"Raisinghnagar, India",Fuel,Entertainment
"Rajagangapur, India",Grocery,Fuel
"Rajahmundry, India",Bills,Fuel
"Rajakhera, India",Food,Grocery
"Rajampet, India",Grocery,Bills
"Rajapalayam, India",Grocery,Entertainment
"Rajgarh (Churu), India",Grocery,Bills
"Rajgir, India",Entertainment,Bills
"Rajkot, India",Bills,Fuel
"Rajnandgaon, India",Grocery,Fuel
"Rajpipla, India",Food,Bills
"Rajpura, India",Fuel,Food
"Rajsamand, India",Entertainment,Fuel
"Rajula, India",Entertainment,Fuel
"Ramachandrapuram, India",Bills,Food
"Ramagundam, India",Entertainment,Grocery
"Ramanagaram, India",Grocery,Fuel
"Ramanathapuram, India",Grocery,Entertainment
"Ramdurg, India",Grocery,Food
"Rameshwaram, India",Bills,Entertainment
"Ramganj Mandi, India",Food,Entertainment
"Ramgarh, India",Fuel,Bills
"Ramnagar, India",Bills,Entertainment
"Ramngarh, India",Bills,Food
"Rampur, India",Bills,Food
"Rampura Phul, India",Food,Bills
"Rampurhat, India",Food,Entertainment
"Ranaghat, India",Grocery,Fuel
"Ranavav, India",Bills,Grocery
"Ranchi, India",Bills,Grocery
"Ranebennuru, India",Food,Grocery
"Ranibennur, India",Grocery,Food
"Ranipet, India",Grocery,Fuel
"Rasipuram, India",Food,Entertainment
"Rasra, India",Entertainment,Grocery
"Ratangarh, India",Entertainment,Fuel
"Rath, India",Fuel,Grocery
"Ratlam, India",Bills,Grocery
"Ratnagiri, India",Food,Fuel
"Raurkela, India",Food,Bills
"Raver, India",Bills,Entertainment
"Rawatbhata, India",Food,Entertainment
"Rawatsar, India",Entertainment,Fuel
"Raxaul Bazar, India",Food,Bills
"Rayachoti, India",Food,Fuel
"Rayadurg, India",Entertainment,Grocery
"Rayagada, India",Fuel,Fuel
"Renukoot, India",Entertainment,Food
"Repalle, India",Entertainment,Bills
"Revelganj, India",Fuel,Grocery
"Rewa, India",Entertainment,Food
"Rewari, India",Entertainment,Food
"Rishikesh, India",Bills,Entertainment
"Risod, India",Fuel,Grocery
"Robertsganj, India",Food,Entertainment
"Robertson Pet, India",Fuel,Entertainment
"Rohtak, India",Food,Entertainment
"Roorkee, India",Entertainment,Food
"Rosera, India",Fuel,Bills
"Rudauli, India",Food,Bills
"Rudrapur, India",Grocery,Fuel
"Rupnagar, India",Grocery,Bills
"Sabalgarh, India",Grocery,Entertainment
"Sadabad, India",Food,Grocery
"Sadasivpet, India",Fuel,Bills
"Sadulpur, India",Fuel,Bills
"Safidon, India",Bills,Entertainment
"Sagar, India",Grocery,Food
"Sagara, India",Entertainment,Food
"Sagwara, India",Food,Bills
"Saharanpur, India",Entertainment,Grocery
"Saharsa, India",Food,Entertainment
"Sahaswan, India",Food,Entertainment
"Sahibganj, India",Grocery,Entertainment
"Sailu, India",Fuel,Grocery
"Sainthia, India",Bills,Grocery
"Salaya, India",Grocery,Food
"Salem, India",Bills,Grocery
"Salur, India",Bills,Food
"Samalkot, India",Food,Fuel
"Samana, India",Food,Entertainment
"Samastipur, India",Food,Bills
"Sambalpur, India",Grocery,Bills
"Sambhal, India",Entertainment,Food
"Sanand, India",Grocery,Food
"Sanawad, India",Fuel,Entertainment
"Sandila, India",Entertainment,Grocery
"Sanduru, India",Fuel,Food
"Sangamner, India",Fuel,Bills
"Sangareddy, India",Fuel,Grocery
"Sangaria, India",Food,Grocery
"Sangli, India",Bills,Grocery
"Sangole, India",Bills,Food
"Sangrur, India",Entertainment,Grocery
"Sankarankoil, India",Grocery,Fuel
"Sankari, India",Food,Entertainment
"Sankeshwara, India",Entertainment,Food
"Santipur, India",Fuel,Bills
"Sarangpur, India",Food,Grocery
"Sardarshahar, India",Food,Fuel
"Sardhana, India",Entertainment,Food
"Sarni, India",Bills,Food
"Sasaram, India",Entertainment,Bills
"Sasvad, India",Food,Entertainment
"Satana, India",Food,Entertainment
"Satara, India",Food,Bills
"Sathyamangalam, India",Food,Fuel
"Satna, India",Bills,Food
"Sattenapalle, India",Grocery,Fuel
"Sattur, India",Bills,Grocery
"Saunda, India",Bills,Grocery
"Saundatti-Yellamma, India",Food,Fuel
"Savanur, India",Entertainment,Fuel
"Savarkundla, India",Entertainment,Fuel
"Savner, India",Bills,Grocery
"Sawai Madhopur, India",Food,Fuel
"Sedam, India",Food,Grocery
"Sehore, India",Bills,Entertainment
"Sendhwa, India",Entertainment,Bills
"Seohara, India",Entertainment,Grocery
"Seoni, India",Food,Grocery
"Seoni-Malwa, India",Fuel,Grocery
"Shahabad Hardoi, India",Grocery,Entertainment
"Shahabad Rampur, India",Entertainment,Grocery
"Shahabad, India",Entertainment,Bills
"Shahade, India",Entertainment,Grocery
"Shahbad, India",Food,Fuel
"Shahdol, India",Bills,Entertainment
"Shahjahanpur, India",Entertainment,Fuel
"Shahpur, India",Food,Entertainment
"Shahpura, India",Bills,Food
"Shajapur, India",Grocery,Fuel
"Shamli, India",Fuel,Entertainment
"Shamsabad Agra, India",Food,Bills
"Shegaon, India",Entertainment,Fuel
"Sheikhpura, India",Fuel,Entertainment
"Shenkottai, India",Fuel,Bills
"Sheopur, India",Food,Bills
"Sherghati, India",Grocery,Food
"Sherkot, India",Grocery,Fuel
"Shikaripur, India",Food,Grocery
"Shikarpur Bulandshahr, India",Fuel,Entertainment
"Shikohabad, India",Grocery,Entertainment
"Shillong, India",Fuel,Entertainment
"Shimla, India",Food,Grocery
"Shirdi, India",Entertainment,Fuel
"Shirpur-Warwade, India",Entertainment,Entertainment
"Shirur, India",Bills,Grocery
"Shivamogga, India",Food,Bills
"Shivpuri, India",Food,Bills
"Sholingur, India",Entertainment,Grocery
"Shoranur, India",Bills,Entertainment
"Shrigonda, India",Entertainment,Bills
"Shrirampur, India",Food,Bills
"Shujalpur, India",Grocery,Fuel
"Siana, India",Grocery,Entertainment
"Sibsagar, India",Entertainment,Fuel
"Siddipet, India",Food,Entertainment
"Sidhi, India",Entertainment,Food
"Sidhpur, India",Grocery,Food
"Sidlaghatta, India",Fuel,Grocery
"Sihor, India",Food,Grocery
"Sihora, India",Food,Fuel
"Sikandra Rao, India",Fuel,Food
"Sikandrabad, India",Bills,Fuel
"Sikar, India",Fuel,Bills
"Silchar, India",Food,Bills
"Siliguri, India",Food,Bills
"Sillod, India",Fuel,Grocery
"Simdega, India",Food,Entertainment
"Sindhagi, India",Bills,Grocery
"Sindhnur, India",Fuel,Bills
"Singrauli, India",Entertainment,Grocery
"Sinnar, India",Fuel,Grocery
"Sira, India",Bills,Grocery
"Sircilla, India",Grocery,Entertainment
"Sirhind Fatehgarh Sahib, India",Bills,Food
"Sirkali, India",Grocery,Bills
"Sirohi, India",Bills,Food
"Sironj, India",Grocery,Food
"Sirsa, India",Bills,Entertainment
"Sirsaganj, India",Fuel,Grocery
"Sirsi, India",Bills,Grocery
"Siruguppa, India",Grocery,Bills
"Sitamarhi, India",Fuel,Entertainment
"Sitapur, India",Food,Grocery
"Sivaganga, India",Entertainment,Food
"Sivakasi, India",Bills,Grocery
"Siwan, India",Bills,Entertainment
"Sohna, India",Food,Entertainment
"Sojat, India",Entertainment,Fuel
"Solan, India",Grocery,Food
"Solapur, India",Food,Fuel
"Sonamukhi, India",Grocery,Fuel
"Sonepur, India",Fuel,Entertainment
"Sonipat, India",Bills,Fuel
"Sopore, India",Bills,Food
"Soro, India",Entertainment,Fuel
"Soron, India",Entertainment,Fuel
"Sri Madhopur, India",Entertainment,Bills
"Srikakulam, India",Fuel,Food
"Srikalahasti, India",Fuel,Bills
"Srinagar, India",Entertainment,Food
"Srivilliputhur, India",Entertainment,Grocery
"Suar, India",Food,Fuel
"Sugauli, India",Grocery,Fuel
"Sujangarh, India",Food,Bills
"Sullurpeta, India",Grocery,Grocery
"Sultanganj, India",Entertainment,Food
"Sultanpur, India",Grocery,Entertainment
"Sumerpur, India",Bills,Grocery
"Sunabeda, India",Bills,Grocery
"Sunam, India",Grocery,Fuel
"Sundargarh, India",Entertainment,Food
"Supaul, India",Bills,Fuel
"Surandai, India",Entertainment,Bills
"Surapura, India",Food,Bills
"Surat, India",Entertainment,Travel
"Suratgarh, India",Grocery,Food
"Suri, India",Grocery,Food
"Suryapet, India",Food,Fuel
"Tadepalligudem, India",Entertainment,Grocery
"Tadpatri, India",Grocery,Entertainment
"Taki, India",Entertainment,Bills
"Talaja, India",Food,Fuel
"Talcher, India",Grocery,Bills
"Talegaon Dabhade, India",Food,Grocery
"Talikota, India",Fuel,Entertainment
"Taliparamba, India",Entertainment,Bills
"Talode, India",Food,Fuel
"Tamluk, India",Bills,Bills
"Tanda, India",Bills,Fuel
"Tandur, India",Entertainment,Food
"Tanuku, India",Entertainment,Fuel
"Tarakeswar, India",Food,Grocery
"Taranagar, India",Bills,Entertainment
"Tarikere, India",Bills,Fuel
"Tarn Taran, India",Entertainment,Fuel
"Tasgaon, India",Grocery,Food
"Tekkalakote, India",Fuel,Bills
"Tenali, India",Fuel,Grocery
"Tenkasi, India",Food,Fuel
"Terdal, India",Grocery,Entertainment
"Tezpur, India",Bills,Grocery
"Thakurdwara, India",Fuel,Entertainment
"Thana Bhawan, India",Grocery,Entertainment
"Thane, India",Entertainment,Bills
"Thanesar, India",Fuel,Grocery
"Thangadh, India",Entertainment,Bills
"Thanjavur, India",Grocery,Fuel
"Tharad, India",Food,Grocery
"Tharamangalam, India",Grocery,Food
"Theni Allinagaram, India",Fuel,Bills
"Thirumangalam, India",Entertainment,Food
"Thiruvalla, India",Food,Grocery
"Thiruvallur, India",Grocery,Food
"Thiruvananthapuram, India",Bills,Food
"Thiruvarur, India",Food,Grocery
"Thodupuzha, India",Food,Food
"Thoubal, India",Fuel,Food
"Thrissur, India",Grocery,Bills
"Thuraiyur, India",Fuel,Bills
"Tikamgarh, India",Grocery,Food
"Tilda Newra, India",Fuel,Food
"Tilhar, India",Fuel,Entertainment
"Tindivanam, India",Grocery,Bills
"Tinsukia, India",Bills,Grocery
"Tiptur, India",Fuel,Food
"Tiruchendur, India",Bills,Fuel
"Tiruchengode, India",Bills,Fuel
"Tiruchirappalli, India",Grocery,Food
"Tirukalukundram, India",Fuel,Bills
"Tirukkoyilur, India",Entertainment,Food
"Tirunelveli, India",Grocery,Food
"Tirupathur, India",Fuel,Food
"Tirupati, India",Fuel,Grocery
"Tiruppur, India",Food,Entertainment
"Tirur, India",Entertainment,Entertainment
"Tiruttani, India",Food,Entertainment
"Tiruvannamalai, India",Food,Grocery
"Tiruvethipuram, India",Grocery,Bills
"Tiruvuru, India",Grocery,Entertainment
"Titlagarh, India",Food,Fuel
"Tohana, India",Fuel,Grocery
"Tonk, India",Bills,Food
"Tuensang, India",Grocery,Fuel
"Tuljapur, India",Bills,Fuel
"Tumkur, India",Entertainment,Grocery
"Tumsar, India",Bills,Fuel
"Tundla, India",Entertainment,Grocery
"Tuni, India",Fuel,Entertainment
"Tura, India",Entertainment,Fuel
"Uchgaon, India",Bills,Grocery
"Udaipur, India",Grocery,Bills
"Udaipurwati, India",Grocery,Entertainment
"Udgir, India",Fuel,Grocery
"Udhagamandalam, India",Bills,Grocery
"Udhampur, India",Entertainment,Food
"Udumalaipettai, India",Entertainment,Bills
"Udupi, India",Fuel,Bills
"Ujhani, India",Fuel,Food
"Ujjain, India",Food,Fuel
"Umarga, India",Fuel,Grocery
"Umaria, India",Entertainment,Entertainment
"Umarkhed, India",Fuel,Food
"Umbergaon, India",Bills,Food
"Umred, India",Fuel,Entertainment
"Umreth, India",Entertainment,Food
"Una, India",Fuel,Grocery
"Unjha, India",Entertainment,Grocery
"Unnao, India",Fuel,Food
"Upleta, India",Grocery,Entertainment
"Uran Islampur, India",Entertainment,Bills
"Uran, India",Fuel,Food
"Uravakonda, India",Fuel,Food
"Usilampatti, India",Fuel,Entertainment
"Uthamapalayam, India",Food,Entertainment
"Utraula, India",Entertainment,Food
"Vadakkuvalliyur, India",Grocery,Food
"Vadalur, India",Grocery,Bills
"Vadipatti, India",Bills,Bills
"Vadnagar, India",Food,Grocery
"Vadodara, India",Bills,Entertainment
"Vaijapur, India",Grocery,Fuel
"Valparai, India",Food,Fuel
"Valsad, India",Bills,Grocery
"Vandavasi, India",Grocery,Food
"Vaniyambadi, India",Fuel,Grocery
"Vapi, India",Bills,Grocery
"Varanasi, India",Grocery,Grocery
"Varkala, India",Bills,Grocery
"Vasai-Virar, India",Food,Grocery
"Vatakara, India",Fuel,Grocery
"Vedaranyam, India",Grocery,Food
"Vellakoil, India",Food,Grocery
"Vellore, India",Bills,Bills
"Venkatagiri, India",Fuel,Bills
"Veraval, India",Entertainment,Food
"Vidisha, India",Grocery,Bills
"Vijainagar Ajmer, India",Entertainment,Grocery
"Vijayapura, India",Fuel,Grocery
"Vijayawada, India",Bills,Bills
"Vikarabad, India",Entertainment,Food
"Vikramasingapuram, India",Bills,Food
"Viluppuram, India",Grocery,Food
"Vinukonda, India",Entertainment,Fuel
"Viramgam, India",Entertainment,Grocery
"Virudhachalam, India",Food,Bills
"Virudhunagar, India",Fuel,Bills
"Visakhapatnam, India",Fuel,Entertainment
"Visnagar, India",Food,Fuel
"Vita, India",Fuel,Bills
"Vizianagaram, India",Food,Grocery
"Vrindavan, India",Bills,Grocery
"Vyara, India",Grocery,Food
"Wadgaon Road, India",Food,Grocery
"Wadhwan, India",Bills,Fuel
"Wadi, India",Bills,Entertainment
"Wai, India",Fuel,Bills
"Wanaparthy, India",Entertainment,Fuel
"Wani, India",Fuel,Bills
"Wankaner, India",Bills,Food
"Warangal, India",Entertainment,Food
"Wardha, India",Bills,Grocery
"Warisaliganj, India",Entertainment,Bills
"Warora, India",Entertainment,Grocery
"Washim, India",Fuel,Food
"Wokha, India",Entertainment,Bills
"Yadgir, India",Bills,Food
"Yamunanagar, India",Food,Fuel
"Yanam, India",Bills,Grocery
"Yavatmal, India",Food,Bills
"Yawal, India",Bills,Fuel
"Yellandu, India",Grocery,Entertainment
"Yemmiganur, India",Bills,Food
"Yerraguntla, India",Bills,Entertainment
"Yevla, India",Entertainment,Fuel
"Zaidpur, India",Food,Bills
"Zamania, India",Entertainment,Fuel
"Zira, India",Entertainment,Grocery
"Zirakpur, India",Fuel,Entertainment
"Zunheboto, India",Grocery,Entertainment
